Hz,V
1E-06,0.9999603794019828
1.0232929922807542E-06,0.9999585122569261
1.0471285480508996E-06,0.9999565571272445
1.0715193052376064E-06,0.9999545098674307
1.0964781961431849E-06,0.9999523661367119
1.1220184543019633E-06,0.9999501213898544
1.1481536214968825E-06,0.9999477708675392
1.1748975549395294E-06,0.999945309586286
1.2022644346174128E-06,0.9999427323279003
1.2302687708123814E-06,0.999940033628428
1.258925411794167E-06,0.9999372077665868
1.2882495516931337E-06,0.999934248751658
1.3182567385564068E-06,0.9999311503108069
1.3489628825916533E-06,0.999927905875808
1.3803842646028844E-06,0.999924508569147
1.412537544622754E-06,0.9999209511894698
1.445439770745927E-06,0.9999172261963469
1.4791083881682069E-06,0.9999133256943256
1.5135612484362076E-06,0.9999092414162299
1.5488166189124807E-06,0.9999049647056789
1.5848931924611128E-06,0.999900486498785
1.6218100973589293E-06,0.9998957973049908
1.6595869074375599E-06,0.9998908871870097
1.6982436524617436E-06,0.9998857457398259
1.7378008287493747E-06,0.9998803620687077
1.7782794100389218E-06,0.9998747247661912
1.8197008586099824E-06,0.9998688218879864
1.8620871366628662E-06,0.9998626409277526
1.9054607179632458E-06,0.9998561687906942
1.9498445997580437E-06,0.999849391765919
1.995262314968878E-06,0.9998422954975028
2.0417379446695273E-06,0.9998348649541999
2.0892961308540373E-06,0.9998270843977376
2.1379620895022297E-06,0.9998189373496266
2.18776162394955E-06,0.9998104065564216
2.238721138568337E-06,0.9998014739533563
2.2908676527677705E-06,0.9997921206262846
2.3442288153199196E-06,0.9997823267718381
2.398832919019488E-06,0.9997720716557299
2.454708915685028E-06,0.9997613335691122
2.5118864315095776E-06,0.9997500897828974
2.5703957827688613E-06,0.9997383164999519
2.630267991895379E-06,0.9997259888050642
2.691534803926913E-06,0.9997130806125837
2.7542287033381634E-06,0.9996995646116219
2.8183829312644505E-06,0.9996854122087095
2.8840315031266025E-06,0.9996705934677872
2.951209226666382E-06,0.9996550770474099
3.0199517204020125E-06,0.9996388301350386
3.090295432513587E-06,0.9996218183782875
3.1622776601683754E-06,0.9996040058129834
3.2359365692962784E-06,0.9995853547878962
3.3113112148259064E-06,0.9995658258859917
3.3884415613920207E-06,0.9995453778420402
3.4673685045253113E-06,0.9995239674564288
3.548133892335749E-06,0.9995015495049933
3.6307805477010077E-06,0.999478076644701
3.7153522909717196E-06,0.9994534993149922
3.801893963205606E-06,0.9994277656345865
3.8904514499428E-06,0.9994008212935528
3.981071705534967E-06,0.9993726094404327
4.073802778041121E-06,0.9993430705641936
4.168693834703348E-06,0.9993121423707847
4.265795188015921E-06,0.9992797596540598
4.365158322401653E-06,0.9992458541608153
4.4668359215096245E-06,0.9992103544496843
4.570881896148743E-06,0.9991731857436238
4.6773514128719745E-06,0.999134269775709
4.786300923226376E-06,0.9990935246279496
4.897788193684454E-06,0.9990508645628251
5.011872336272715E-06,0.999006199847223
5.1286138399136405E-06,0.9989594365684611
5.248074602497717E-06,0.9989104764420492
5.370317963702518E-06,0.9988592166108472
5.495408738576236E-06,0.9988055494352541
5.623413251903481E-06,0.9987493622740493
5.754399373371559E-06,0.9986905372555062
5.888436553555879E-06,0.998628951038365
6.025595860743566E-06,0.9985644745622588
6.16595001861481E-06,0.9984969727871565
6.30957344480192E-06,0.9984263044213812
6.456542290346542E-06,0.9983523216377503
6.606934480075947E-06,0.9982748697773596
6.760829753919804E-06,0.9981937870405293
6.91830970918935E-06,0.998108904164415
7.079457843841363E-06,0.9980200440867665
7.244359600749884E-06,0.9979270215953112
7.413102413009158E-06,0.9978296429622219
7.5857757502918196E-06,0.9977277055631173
7.762471166286899E-06,0.9976209974800316
7.943282347242796E-06,0.9975092970877777
8.128305161640973E-06,0.99739237262312
8.317637711026689E-06,0.9972699817361583
8.511380382023743E-06,0.9971418710233247
8.709635899560784E-06,0.9970077755413776
8.912509381337432E-06,0.996867418301782
9.120108393559074E-06,0.9967205097448545
9.332543007969887E-06,0.996566747193052
9.549925860214335E-06,0.9964058142827886
9.772372209558082E-06,0.9962373803741578
9.999999999999974E-06,0.9960610999379584
1.0232929922807514E-05,0.9958766119194188
1.0471285480508967E-05,0.9956835390780371
1.0715193052376034E-05,0.9954814873029677
1.096478196143182E-05,0.995270044903413
1.1220184543019603E-05,0.9950487818734975
1.1481536214968795E-05,0.9948172491311462
1.1748975549395262E-05,0.9945749777305223
1.2022644346174095E-05,0.9943214780476274
1.230268770812378E-05,0.9940562389387233
1.2589254117941636E-05,0.9937787268712994
1.2882495516931303E-05,0.9934883850273778
1.3182567385564032E-05,0.9931846323790343
1.3489628825916496E-05,0.9928668627361087
1.3803842646028807E-05,0.9925344437661798
1.4125375446227499E-05,0.9921867159870011
1.445439770745923E-05,0.9918229917317284
1.4791083881682028E-05,0.9914425540874163
1.5135612484362034E-05,0.9910446558074268
1.5488166189124763E-05,0.9906285181985759
1.5848931924611084E-05,0.9901933299840481
1.6218100973589248E-05,0.9897382461433261
1.6595869074375554E-05,0.9892623867306339
1.6982436524617388E-05,0.9887648356736568
1.7378008287493696E-05,0.9882446395545899
1.7782794100389168E-05,0.9877008063758967
1.8197008586099773E-05,0.9871323043134943
1.862087136662861E-05,0.9865380604604668
1.9054607179632406E-05,0.9859169595648117
1.9498445997580385E-05,0.9852678427651648
1.9952623149688725E-05,0.9845895063289181
2.041737944669522E-05,0.9838807003976625
2.0892961308540318E-05,0.9831401277454147
2.1379620895022242E-05,0.982366442555685
2.1877616239495445E-05,0.9815582492240412
2.238721138568331E-05,0.9807141011934974
2.2908676527677644E-05,0.9798324998307271
2.344228815319913E-05,0.9789118933518477
2.3988329190194812E-05,0.9779506758072749
2.4547089156850208E-05,0.9769471861359484
2.5118864315095703E-05,0.975899707300066
2.5703957827688536E-05,0.9748064655123144
2.6302679918953716E-05,0.9736656295684819
2.691534803926905E-05,0.9724753102992383
2.7542287033381555E-05,0.9712335601557966
2.8183829312644427E-05,0.969938372945098
2.8840315031265944E-05,0.9685876837310975
2.951209226666374E-05,0.967179368919655
3.019951720402004E-05,0.9657112465454357
3.090295432513578E-05,0.9641810767801016
3.162277660168366E-05,0.9625865626819012
3.235936569296269E-05,0.9609253512075376
3.311311214825897E-05,0.9591950345078685
3.388441561392011E-05,0.9573931515295999
3.467368504525301E-05,0.9555171899455848
3.548133892335739E-05,0.9535645884366873
3.630780547700998E-05,0.9515327393483117
3.7153522909717095E-05,0.9494189917446803
3.8018939632055954E-05,0.9472206548836821
3.890451449942789E-05,0.9449350021346137
3.981071705534955E-05,0.9425592753603489
4.07380277804111E-05,0.9400906897843855
4.168693834703336E-05,0.9375264393617804
4.265795188015908E-05,0.9348637026711885
4.3651583224016404E-05,0.9320996493430156
4.466835921509611E-05,0.9292314470360767
4.570881896148729E-05,0.9262562689720771
4.6773514128719606E-05,0.9231713020336961
4.7863009232263614E-05,0.9199737554280331
4.897788193684439E-05,0.9166608699126605
5.0118723362726994E-05,0.9132299275765294
5.1286138399136244E-05,0.9096782621624716
5.248074602497701E-05,0.9060032699120901
5.370317963702501E-05,0.9022024209074109
5.495408738576219E-05,0.898273270876862
5.6234132519034636E-05,0.8942134734259678
5.754399373371541E-05,0.8900207926456803
5.888436553555861E-05,0.8856931160435924
6.025595860743548E-05,0.8812284677354565
6.165950018614791E-05,0.876625021826617
6.309573444801901E-05,0.8718811159052162
6.456542290346522E-05,0.8669952645615403
6.606934480075925E-05,0.8619661728407231
6.760829753919782E-05,0.8567927495294096
6.918309709189329E-05,0.851474120171038
7.079457843841342E-05,0.8460096396992767
7.244359600749863E-05,0.8403989045750456
7.413102413009136E-05,0.8346417643095778
7.585775750291797E-05,0.8287383322543053
7.762471166286875E-05,0.822688995538122
7.94328234724277E-05,0.8164944240338814
8.128305161640947E-05,0.8101555782389581
8.317637711026663E-05,0.8036737159593735
8.511380382023716E-05,0.7970503976934233
8.709635899560757E-05,0.7902874906189457
8.912509381337405E-05,0.7833871710982968
9.120108393559045E-05,0.7763519256266946
9.332543007969856E-05,0.769184550162742
9.549925860214304E-05,0.761888147794488
9.77237220955805E-05,0.7544661247101689
9.999999999999941E-05,0.7469221844595303
0.0001023292992280748,0.7392603205091656
0.00010471285480508932,0.7314848071132778
0.00010715193052375999,0.7236001885394467
0.00010964781961431784,0.7156112667069805
0.00011220184543019566,0.7075230873130102
0.00011481536214968758,0.6993409245382625
0.00011748975549395223,0.6910702644401621
0.00012022644346174054,0.6827167871552846
0.00012302687708123737,0.6742863480459167
0.00012589254117941593,0.6657849579363991
0.00012882495516931258,0.657218762593814
0.00013182567385563987,0.6485940216143149
0.0001348962882591645,0.6399170868808667
0.0001380384264602876,0.6311943807603518
0.0001412537544622745,0.6224323742078807
0.0001445439770745918,0.6136375649437938
0.00014791083881681975,0.6048164558643496
0.0001513561248436198,0.5959755338405904
0.00015488166189124708,0.5871212490515615
0.00015848931924611025,0.5782599949881032
0.00016218100973589187,0.5693980892521059
0.0001659586907437549,0.5605417552636296
0.00016982436524617324,0.5516971049749283
0.0001737800828749363,0.5428701226764167
0.000177827941003891,0.5340666499652625
0.00018197008586099702,0.5252923719328021
0.00018620871366628537,0.5165528046126108
0.0001905460717963233,0.5078532837170352
0.00019498445997580307,0.4991989546764757
0.00019952623149688647,0.49059476398290974
0.00020417379446695138,0.4820454518271684
0.00020892961308540236,0.47355554600846017
0.00021379620895022158,0.46512935708466957
0.00021877616239495358,0.45677097472307926
0.00022387211385683223,0.44848426520343543
0.00022908676527677552,0.4402728700187039
0.0002344228815319904,0.4321402055134179
0.00023988329190194717,0.4240894634952088
0.0002454708915685011,0.4161236127518515
0.00025118864315095606,0.40824540140392745
0.00025703957827688436,0.4004573600219069
0.00026302679918953614,0.39276180543603234
0.00026915348039268944,0.3851608451677399
0.00027542287033381445,0.37765638241241467
0.0002818382931264431,0.37025012150494424
0.00028840315031265827,0.36294357380173004
0.0002951209226666362,0.3557380639154502
0.0003019951720401992,0.3486347362418644
0.00030902954325135655,0.3416345617212256
0.00031622776601683534,0.33473834478035697
0.0003235936569296256,0.3279467304050854
0.0003311311214825884,0.32126021129644483
0.00033884415613919975,0.31467913506781975
0.00034673685045252876,0.3082037114439384
0.0003548133892335725,0.30183401942631954
0.0003630780547700983,0.29557001439336755
0.00037153522909716944,0.2894115351068029
0.00038018939632055804,0.28335831059945193
0.00038904514499427735,0.27740996692260517
0.00039810717055349394,0.2715660337341684
0.00040738027780410935,0.2658259507116539
0.00041686938347033193,0.26018907377670436
0.0004265795188015891,0.2546546811202915
0.0004365158322401623,0.2492219790199866
0.00044668359215095936,0.24389010744276995
0.0004570881896148712,0.2386581454287292
0.00046773514128719423,0.23352511625270023
0.00047863009232263425,0.22848999236243106
0.000489778819368442,0.22355170009322098
0.000501187233627268,0.21870912416018976
0.0005128613839913604,0.21396111193039907
0.0005248074602497681,0.20930647747797046
0.0005370317963702481,0.20474400542614293
0.0005495408738576198,0.2002724545808899
0.0005623413251903442,0.19589056136128863
0.000575439937337152,0.19159704303230182
0.0005888436553555838,0.18739060074601485
0.0006025595860743525,0.1832699223976676
0.0006165950018614767,0.1792336853030455
0.0006309573444801877,0.17528055870395315
0.0006456542290346498,0.17140920610859128
0.0006606934480075902,0.16761828747370877
0.0006760829753919758,0.16390646123540048
0.0006918309709189304,0.16027238619538484
0.0007079457843841316,0.15671472326952526
0.0007244359600749837,0.15323213710525177
0.0007413102413009109,0.14982329757442006
0.000758577575029177,0.14648688114799063
0.0007762471166286848,0.14322157215875098
0.0007943282347242744,0.14002606395812006
0.0008128305161640919,0.13689905997288895
0.0008317637711026635,0.13383927466754889
0.0008511380382023688,0.13084543441765722
0.0008709635899560727,0.12791627829948038
0.0008912509381337374,0.1250505588009442
0.0009120108393559014,0.12224704245871039
0.0009332543007969825,0.1195045104259873
0.0009549925860214271,0.11682175897547421
0.0009772372209558016,0.11419759994163399
0.0009999999999999907,0.11163086110628617
0.0010232929922807446,0.10912038653131513
0.0010471285480508899,0.10666503684209616
0.0010715193052375964,0.10426368946505522
0.0010964781961431747,0.10191523882259651
0.0011220184543019528,0.09961859648845842
0.0011481536214968718,0.09737269130638747
0.0011748975549395182,0.09517646947486016
0.0012022644346174013,0.09302889460042525
0.0012302687708123695,0.0909289477220901
0.001258925411794155,0.08887562730903212
0.0012882495516931213,0.0868679492337798
0.001318256738556394,0.08490494672287804
0.0013489628825916402,0.08298567028692837
0.001380384264602871,0.0811091876317768
0.00141253754462274,0.0792745835525106
0.001445439770745913,0.07748095981181892
0.0014791083881681925,0.07572743500417126
0.001513561248436193,0.07401314440717288
0.0015488166189124657,0.07233723982136654
0.0015848931924610974,0.07069888939966365
0.0016218100973589135,0.06909727746750892
0.0016595869074375437,0.0675316043348058
0.001698243652461727,0.066001086100559
0.0017378008287493576,0.06450495445112293
0.0017782794100389045,0.06304245645288152
0.0018197008586099646,0.06161285434012577
0.0018620871366628483,0.060215425298838436
0.0019054607179632274,0.05884946124704389
0.001949844599758025,0.05751426861233117
0.0019952623149688585,0.056209168107111664
0.0020417379446695076,0.054933494502130725
0.0020892961308540173,0.053686596398710436
0.0021379620895022092,0.05246783600016396
0.002187761623949529,0.051276588882785475
0.0022387211385683156,0.05011224376678704
0.0022908676527677485,0.048974202287522334
0.002344228815319897,0.04786187876730834
0.0023988329190194647,0.04677469998812889
0.002454708915685004,0.045712104965478985
0.002511886431509553,0.044673544723584674
0.002570395782768836,0.04365848207221216
0.002630267991895353,0.04266639138525887
0.002691534803926886,0.041696758381299985
0.002754228703338136,0.040749079906247286
0.0028183829312644227,0.039822863718259355
0.002884031503126574,0.03891762827502835
0.0029512092266663526,0.03803290252355323
0.0030199517204019823,0.037168225692497066
0.0030902954325135556,0.03632314708721355
0.0031622776601683434,0.03549722588751649
0.0032359365692962456,0.03469003094825588
0.0033113112148258727,0.033901140602754565
0.003388441561391986,0.03313014246915036
0.003467368504525276,0.03237663325968069
0.003548133892335713,0.0316402185929388
0.0036307805477009706,0.03092051280912421
0.0037153522909716815,0.030217138788303153
0.003801893963205567,0.029529727771689343
0.00389045144994276,0.02885791918594963
0.003981071705534926,0.028201360470534616
0.004073802778041079,0.027559706908029377
0.004168693834703305,0.02693262145751562
0.0042657951880158765,0.02631977459093287
0.004365158322401608,0.025720844132422625
0.0044668359215095784,0.02513551510063664
0.004570881896148696,0.02456347955398753
0.004677351412871926,0.024004436438817424
0.0047863009232263255,0.023458091440458184
0.004897788193684403,0.022924156837154545
0.005011872336272662,0.022402351356819818
0.005128613839913586,0.021892400036592357
0.005248074602497662,0.0213940340851591
0.005370317963702462,0.020906990747811768
0.005495408738576179,0.020431013174199923
0.0056234132519034224,0.019965850288744248
0.005754399373371499,0.019511256663672448
0.005888436553555818,0.01906699239463983
0.006025595860743504,0.0186328229788957
0.006165950018614747,0.01820851919595646
0.006309573444801856,0.017793856990745885
0.006456542290346476,0.017388617359162806
0.006606934480075879,0.016992586236036195
0.006760829753919735,0.016605554385427608
0.00691830970918928,0.016227317293240884
0.007079457843841292,0.015857675062098918
0.007244359600749812,0.015496432308447635
0.007413102413009084,0.01514339806184719
0.007585775750291744,0.014798385666410766
0.007762471166286821,0.01446121268435149
0.007943282347242717,0.014131700801598259
0.008128305161640892,0.013809675735441652
0.008317637711026607,0.013494967144171276
0.008511380382023658,0.013187408538666465
0.008709635899560697,0.01288683719590244
0.008912509381337343,0.012593094074334598
0.009120108393558982,0.012306023731123963
0.009332543007969792,0.012025474241167271
0.009549925860214237,0.011751297117895658
0.009772372209557982,0.011483347235806442
0.009999999999999872,0.011221482754692813
0.01023292992280741,0.010965565045537001
0.01047128548050886,0.010715458618032718
0.010715193052375926,0.01047103104970349
0.010964781961431708,0.010232152916583685
0.011220184543019488,0.009998697725429865
0.011481536214968677,0.00977054184743042
0.01174897554939514,0.00954756445338211
0.01202264434617397,0.009329647450302493
0.012302687708123653,0.009116675419448007
0.012589254117941505,0.00890853555570771
0.012882495516931169,0.008705117608343459
0.013182567385563896,0.008506313823047704
0.013489628825916356,0.008312018885290606
0.013803842646028663,0.00812212986492874
0.014125375446227353,0.007936546162048176
0.01445439770745908,0.007755169454015162
0.014791083881681873,0.0075779036437082555
0.015135612484361875,0.00740465480890613
0.0154881661891246,0.007235331152805903
0.015848931924610916,0.007069842955647207
0.016218100973589077,0.006908102527417793
0.016595869074375377,0.006750024161616931
0.016982436524617207,0.006595524090053239
0.017378008287493512,0.0064445204386542375
0.01778279410038898,0.00629693318426517
0.01819700858609958,0.0061526841124152345
0.018620871366628412,0.0060116967760297495
0.019054607179632203,0.00587389645506725
0.019498445997580178,0.005739210117060894
0.019952623149688514,0.00560756637854405
0.020417379446695003,0.005478895467340306
0.020892961308540098,0.005353129185698551
0.021379620895022017,0.005230200874254233
0.021877616239495214,0.005110045376798227
0.022387211385683076,0.004992599005835203
0.0229086765276774,0.004877799508913691
0.023442288153198883,0.004765586035710505
0.023988329190194557,0.004655899105852479
0.024547089156849947,0.00454868057745887
0.025118864315095437,0.004443873616388131
0.025703957827688265,0.004341422666173106
0.026302679918953437,0.004241273418629026
0.026915348039268764,0.004143372785119036
0.02754228703338126,0.004047668868462326
0.028183829312644126,0.003954110935470196
0.028840315031265638,0.0038626493900957974
0.029512092266663424,0.003773235747183497
0.030199517204019716,0.0036858226068042163
0.03090295432513545,0.0036003636291632945
0.031622776601683326,0.0035168135100677954
0.03235936569296235,0.00343512795694041
0.03311311214825862,0.0033552636653674133
0.033884415613919756,0.0032771782961683923
0.03467368504525265,0.003200830452975723
0.03548133892335702,0.0031261796603120648
0.03630780547700959,0.003053186342154351
0.0371535229097167,0.0029818118009730474
0.03801893963205555,0.002912018197235653
0.03890451449942747,0.0028437685293637043
0.039810717055349124,0.002777026614132732
0.040738027780410656,0.002711757067504867
0.04168693834703291,0.0026479252858840354
0.04265795188015862,0.002585497427783852
0.04365158322401593,0.002524440395898596
0.04466835921509563,0.0024647218195678047
0.0457088189614868,0.0024063100376252645
0.0467735141287191,0.002349174081623365
0.047863009232263096,0.0022932836594239665
0.04897788193684386,0.0022386091391471416
0.05011872336272645,0.002185121533469326
0.051286138399135685,0.0021327924842625932
0.05248074602497644,0.0020815942475669582
0.05370317963702443,0.0020314996788877698
0.05495408738576159,0.0019824822188104474
0.056234132519034016,0.0019345158789249568
0.05754399373371478,0.001887575228052598
0.05888436553555796,0.0018416353787678297
0.060255958607434816,0.0017966719742080195
0.061659500186147236,0.001752661175164137
0.06309573444801832,0.0017095796474455884
0.06456542290346452,0.0016674045495124962
0.06606934480075854,0.0016261135203689014
0.0676082975391971,0.0015856846677104828
0.06918309709189255,0.0015460965563205281
0.07079457843841266,0.0015073281967080208
0.07244359600749785,0.0014693590339818353
0.07413102413009057,0.0014321689369551555
0.07585775750291716,0.0013957381874743545
0.07762471166286793,0.00136004746996669
0.07943282347242688,0.001325077861201283
0.08128305161640861,0.0012908108202579682
0.08317637711026575,0.0012572281786987001
0.08511380382023627,0.0012243121309363188
0.08709635899560665,0.0011920452247955787
0.08912509381337311,0.0011604103522614392
0.0912010839355895,0.0011293907404097225
0.0933254300796976,0.0010989699425153403
0.09549925860214205,0.001069131829333374
0.09772372209557949,0.001039860580548402
0.09999999999999838,0.0010111406763875378
0.10232929922807375,0.0009829568893927414
0.10471285480508825,0.000955294276348049
0.1071519305237589,0.00092813817035744
0.10964781961431672,0.00090147417306915
0.11220184543019451,0.0008752881470423103
0.11481536214968639,0.0008495662082518703
0.11748975549395102,0.0008242947187278308
0.1202264434617393,0.000799460279324892
0.12302687708123611,0.0007750497226186848
0.12589254117941462,0.0007510501059248194
0.12882495516931125,0.0007274487044370565
0.1318256738556385,0.0007042330044809637
0.1348962882591631,0.0006813906968794804
0.1380384264602862,0.0006589096704268813
0.1412537544622731,0.0006367780054676747
0.14454397707459035,0.0006149839675770359
0.14791083881681827,0.0005935160013394276
0.15135612484361827,0.0005723627242221077
0.15488166189124553,0.0005515129205402814
0.15848931924610868,0.0005309555355106947
0.16218100973589025,0.0005106796693905228
0.16595869074375325,0.0004906745716984435
0.16982436524617156,0.00047092963551483496
0.1737800828749346,0.00045143439185807514
0.17782794100388927,0.00043217850413396284
0.18197008586099525,0.00041315176265532106
0.18620871366628358,0.00039434407922887187
0.19054607179632146,0.00037574548180652033
0.1949844599758012,0.0003573461091982066
0.19952623149688453,0.0003391362058435284
0.20417379446694942,0.0003211061166393587
0.20892961308540034,0.00030324628182071966
0.2137962089502195,0.00028554723189219716
0.21877616239495146,0.00026799958260721014
0.22387211385683006,0.00025059402999247344
0.2290867652767733,0.0002333213454150166
0.2344228815319881,0.0002161723706891412
0.23988329190194482,0.00019913801322072835
0.24547089156849872,0.00018220924118631527
0.25118864315095357,0.00016537707874439203
0.25703957827688184,0.00014863260127637396
0.26302679918953353,0.0001319669306547309
0.2691534803926868,0.00011537123053576369
0.27542287033381174,9.883670167453071E-05
0.2818382931264404,8.235457725944428E-05
0.28840315031265545,6.591611826405855E-05
0.2951209226666333,4.951260881359087E-05
0.3019951720401962,3.313535156371426E-05
0.3090295432513535,1.6775663089174895E-05
0.3162277660168323,4.248692797892562E-07
0.32359365692962244,1.5925699258620866E-05
0.3311311214825851,3.2284711800794865E-05
0.33884415613919644,4.8660842098532614E-05
0.3467368504525254,6.5062772979571E-05
0.35481338923356903,8.149920095126999E-05
0.36307805477009475,9.797884081155161E-05
0.3715352290971658,0.00011451043026953615
0.38018939632055426,0.0001311027345783228
0.3890451449942735,0.00014776455118237515
0.39810717055349,0.0001645047143819706
0.4073802778041053,0.00018133210001718963
0.41686938347032776,0.00019825563017392836
0.42657951880158484,0.00021528427791442584
0.43651583224015794,0.00023242707203481646
0.4466835921509549,0.0002496931018522319
0.4570881896148666,0.00026709152202398324
0.4677351412871895,0.0002846315574013864
0.47863009232262943,0.00030232250792079787
0.48977881936843704,0.00032017375353445677
0.5011872336272629,0.00033819475918374494
0.5128613839913553,0.00035639507981750386
0.5248074602497628,0.00037478436545806585
0.5370317963702427,0.00039337236631768876
0.5495408738576143,0.0004121689379681005
0.5623413251903385,0.00043118404656590005
0.5754399373371462,0.0004504277741365813
0.5888436553555779,0.00046991032391998093
0.6025595860743465,0.0004896420257799833
0.6165950018614705,0.00050963334168135
0.6309573444801814,0.0005298948712365804
0.6456542290346433,0.0005504373573257386
0.6606934480075835,0.000571271691792225
0.6760829753919689,0.0005924089212175142
0.6918309709189233,0.0006138602527779242
0.7079457843841244,0.0006356370601865052
0.7244359600749761,0.0006577508897232186
0.7413102413009033,0.0006802134663565833
0.7585775750291692,0.0007030366999600431
0.7762471166286768,0.0007262326916263515
0.7943282347242663,0.0007498137400833053
0.8128305161640836,0.0007737923482142512
0.831763771102655,0.0007981812296867952
0.85113803820236,0.0008229933156932442
0.8709635899560637,0.0008482417618063399
0.8912509381337281,0.0008739399549539406
0.9120108393558919,0.0009001015205162945
0.9332543007969727,0.0009267403295497374
0.9549925860214171,0.0009538705061405726
0.9772372209557914,0.0009815064348930845
0.9999999999999802,0.0010096627685555932
1.023292992280734,0.0010383544357886656
1.0471285480508787,0.0010675966490795179
1.071519305237585,0.0010974049128068578
1.096478196143163,0.0011277950314604165
1.122018454301941,0.0011587831180195215
1.1481536214968597,0.001190385602495143
1.174897554939506,0.0012226192406399824
1.2022644346173887,0.001255501122831103
1.2302687708123567,0.0012890486831299661
1.2589254117941417,0.0013232797085245222
1.2882495516931078,0.0013582123483583293
1.3182567385563804,0.0013938651239516786
1.3489628825916262,0.0014302569384197885
1.3803842646028568,0.0014674070866933036
1.4125375446227255,0.0015053352657463965
1.445439770745898,0.0015440615850378168
1.479108388168177,0.0015836065771705247
1.513561248436177,0.0016239912087754726
1.5488166189124493,0.001665236891625266
1.5848931924610805,0.0017073654939837066
1.6218100973588963,0.0017503993521970347
1.659586907437526,0.00179436128253322
1.6982436524617088,0.0018392745932752775
1.7378008287493392,0.0018851630970753664
1.7782794100388857,0.0019320511235758615
1.8197008586099455,0.0019799635323041686
1.8620871366628284,0.0020289257258483315
1.9054607179632073,0.002078963663320006
1.9498445997580045,0.0021301038741120804
1.9952623149688378,0.002182373471958495
2.0417379446694865,0.0022358001693030117
2.0892961308539957,0.0022904122919852775
2.1379620895021874,0.0023462387942513865
2.187761623949507,0.002403309274097123
2.238721138568293,0.0024616539889518196
2.290867652767725,0.002521303871711325
2.344228815319873,0.002582290547128212
2.39883291901944,0.0026446463485683236
2.4547089156849786,0.0027084043351418728
2.5118864315095273,0.0027735983092188323
2.5703957827688098,0.002840262834337077
2.6302679918953267,0.002908433253513416
2.691534803926859,0.0029781457079667583
2.7542287033381085,0.003049437156263083
2.8183829312643947,0.003122345393892986
2.884031503126545,0.0031969090732914345
2.9512092266663235,0.0032731677243099874
3.0199517204019526,0.003351161775153603
3.0902954325135252,0.0034309325737916243
3.1622776601683125,0.0035125224098544075
3.2359365692962143,0.003595974537028032
3.311311214825841,0.0036813331959575
3.3884415613919536,0.003768643637671574
3.467368504525243,0.003857952147540814
3.548133892335679,0.003949306069781342
3.6307805477009363,0.0040427538325174765
3.7153522909716465,0.004138344973417023
3.801893963205531,0.0042361301659102285
3.890451449942723,0.004336161246009351
3.9810717055348874,0.004438491239739265
4.07380277804104,0.0045431743911975835
4.168693834703265,0.004650266191254651
4.265795188015836,0.004759823406910969
4.365158322401566,0.0048719041113270845
4.466835921509535,0.004986567714540029
4.570881896148652,0.0051038749948846525
4.677351412871881,0.005223888131133471
4.78630092322628,0.005346670735373258
4.897788193684356,0.005472287886636421
5.0118723362726145,0.0056008061653012725
5.1286138399135375,0.005732293688281141
5.248074602497612,0.005866820145022418
5.37031796370241,0.006004456834324343
5.495408738576126,0.00614527670200562
5.623413251903369,0.006289354379432566
5.754399373371444,0.006436766222933127
5.888436553555762,0.006587590354108449
6.025595860743446,0.006741906701077679
6.165950018614687,0.006899797040655993
6.309573444801795,0.007061345041510964
6.456542290346414,0.007226636308294744
6.606934480075815,0.007395758426799679
6.760829753919669,0.007568801010135022
6.918309709189213,0.007745855745968082
7.079457843841223,0.007927016444844372
7.244359600749741,0.008112379089609404
7.413102413009011,0.00830204188596241
7.58577575029167,0.008496105314163612
7.762471166286745,0.008694672181920916
7.943282347242638,0.00889784767848339
8.128305161640812,0.009105739429968297
8.317637711026524,0.009318457555947823
8.511380382023574,0.009536114727322943
8.709635899560611,0.009758826225513238
8.912509381337255,0.009986710002997725
9.120108393558892,0.01021988674521397
9.3325430079697,0.010458479933882422
9.549925860214145,0.01070261591175013
9.772372209557886,0.010952423948805901
9.999999999999774,0.011208036309982728
10.23292992280731,0.011469588324407445
10.471285480508758,0.011737218456195204
10.71519305237582,0.012011068376840808
10.9647819614316,0.012291283039246703
11.220184543019377,0.01257801075339686
11.481536214968564,0.012871403263742616
11.748975549395025,0.01317161582831899
12.022644346173852,0.013478807299594714
12.302687708123532,0.01379314020719283
12.589254117941381,0.014114780842377012
12.882495516931042,0.014443899344463948
13.182567385563766,0.014780669789123103
13.489628825916224,0.015125270278636022
13.803842646028528,0.015477883034156465
14.125375446227215,0.015838694489977635
14.45439770745894,0.016207895389896705
14.79108388168173,0.01658568088562543
15.13561248436173,0.016972250637435307
15.488166189124453,0.017367808916877864
15.848931924610765,0.017772564711877673
16.21810097358892,0.018186731833905723
16.59586907437522,0.0186105290276433
16.982436524617047,0.019044180082844402
17.378008287493348,0.019487913948661964
17.78279410038881,0.01994196485038017
18.197008586099404,0.020406572408638468
18.620871366628233,0.020881981761084252
19.05460717963202,0.021368443686641862
19.49844599757999,0.021866214732356254
19.95262314968832,0.022375557342845614
20.417379446694806,0.022896739992346194
20.892961308539896,0.02343003731959077
21.37962089502181,0.023975730265349625
21.877616239495,0.024534106212603803
22.38721138568286,0.02510545912982175
22.90867652767718,0.025690089716763287
23.442288153198657,0.02628830555330468
23.988329190194328,0.026900421251095753
24.54708915684971,0.027526758608271914
25.118864315095195,0.028167646766686018
25.703957827688015,0.02882342237296556
26.30267991895318,0.029494429741359764
26.915348039268505,0.03018102102063988
27.542287033380997,0.030883556363471374
28.183829312643855,0.03160240409889452
28.84031503126536,0.03233794090782089
29.51209226666314,0.033090552001927696
30.199517204019426,0.033860631304683884
30.902954325135152,0.034648581636328606
31.62277660168302,0.035454814901443886
32.35936569296204,0.03627975227928293
33.1131121482583,0.03712382441771976
33.88441561391943,0.03798747162908938
34.67368504525232,0.03887114408992127
35.48133892335668,0.039775302042665085
36.307805477009246,0.040700416001004
37.153522909716344,0.04164696695687999
38.01893963205519,0.04261544659077102
38.9045144994271,0.04360635748439745
39.81071705534874,0.04462021333533827
40.73802778041026,0.0456575391749959
41.68693834703251,0.0467188715868143
42.65795188015821,0.04780475892859709
43.65158322401551,0.04891576155524866
44.6683592150952,0.050052452043477906
45.708818961486365,0.05121541541772233
46.77351412871865,0.05240524937770295
47.86300923226264,0.053622564526053976
48.977881936843396,0.05486798459794776
50.11872336272597,0.05614214668927772
51.2861383991352,0.05744570148601093
52.48074602497594,0.05877931349324196
53.70317963702392,0.06014366126195404
54.95408738576107,0.061539437617114265
56.23413251903349,0.06296734988021672
57.54399373371424,0.06442812009550464
58.88436553555741,0.06592248524452034
60.25595860743425,0.06745119746812706
61.65950018614666,0.069015024275868
63.09573444801773,0.07061474875311574
64.56542290346391,0.07225116976424535
66.06934480075792,0.07392510214875861
67.60829753919646,0.07563737690846406
69.18309709189188,0.07738884138798488
70.79457843841197,0.07918035944932277
72.44359600749715,0.08101281162418936
74.13102413008986,0.08288709527243668
75.85775750291643,0.08480412471587577
77.62471166286717,0.08676483135519132
79.4328234724261,0.0887701637857179
81.28305161640782,0.09082108787887766
83.17637711026494,0.0929185868598954
85.11380382023543,0.09506366135324568
87.0963589956058,0.09725732941377897
89.12509381337223,0.09950062653310242
91.2010839355886,0.1017946056030713
93.32543007969667,0.10414033688363267
95.4992586021411,0.10653890790496356
97.72372209557851,0.10899142335690207
99.99999999999737,0.11149900493274281
102.32929922807271,0.1140627911426622
104.71285480508719,0.11668393706406648
107.15193052375781,0.1193636140853381
109.64781961431561,0.12210300954734075
112.20184543019337,0.12490332637906423
114.81536214968523,0.1277657826555199
117.48975549394983,0.13069161108774696
120.22644346173809,0.1336820584813519
123.02687708123487,0.13673838507125663
125.89254117941336,0.1398618638450997
128.82495516930996,0.14305377974552738
131.82567385563718,0.1463154287825301
134.89628825916174,0.14964811711678921
138.03842646028477,0.15305315997222285
141.25375446227162,0.15653188049372668
144.54397707458884,0.16008560850545994
147.91083881681672,0.16371567911800028
151.3561248436167,0.16742343126701983
154.8816618912439,0.17121020608347798
158.48931924610702,0.17507734515056111
162.18100973588855,0.17902618864710246
165.9586907437515,0.18305807329435925
169.82436524616978,0.18717433020459612
173.7800828749328,0.19137628255090183
177.82794100388742,0.1956652430533783
181.97008586099335,0.20004251129891923
186.20871366628162,0.20450937096320415
190.54607179631947,0.20906708665975127
194.98445997579915,0.2137169008601539
199.52623149688245,0.21846003037216807
204.17379446694727,0.22329766272199925
208.92961308539816,0.22823095239531915
213.79620895021728,0.23326101670977184
218.77616239494918,0.23838893160215607
223.87211385682775,0.24361572715046265
229.08676527677093,0.24894238282811434
234.4228815319857,0.2543698225871003
239.88329190194236,0.2598989098039818
245.47089156849617,0.2655304417688856
251.18864315095098,0.2712651441884489
257.0395782768792,0.2771036652740886
263.02679918953083,0.2830465699273522
269.15348039268406,0.28909433322693495
275.42287033380893,0.29524733441291223
281.83829312643746,0.3015058498898714
288.4031503126525,0.30787004676601226
295.12092266663024,0.314339975893875
301.9951720401931,0.3209155649191675
309.02954325135033,0.3275966110914082
316.227766016829,0.33438277403793754
323.5936569296191,0.34127356893525856
331.1311214825817,0.348268358726396
338.84415613919293,0.355366347558362
346.73685045252176,0.36256657326009734
354.8133892335653,0.36986790068226666
363.07805477009094,0.3772690146128673
371.5352290971619,0.3847684137573127
380.1893963205503,0.3923644038276758
389.04514499426944,0.40005509202625267
398.1071705534858,0.4078383816461166
407.380277804101,0.41571196700799157
416.8693834703234,0.4236733285159723
426.5795188015803,0.43171972968622613
436.5158322401533,0.43984821310310984
446.6835921509502,0.448055598502086
457.0881896148618,0.45633848141008465
467.7351412871846,0.4646932319456193
478.6300923226244,0.4731159954850831
489.7788193684319,0.48160269391805915
501.1872336272577,0.49014902819247014
512.86138399135,0.4987504815890742
524.8074602497574,0.5074023248151414
537.0317963702371,0.5160996219291545
549.5408738576085,0.524837237875635
562.3413251903327,0.5336098461251512
575.4399373371401,0.5424119402326011
588.8436553555717,0.5512378430966064
602.5595860743401,0.5600817214333791
616.5950018614641,0.5689375977557708
630.9573444801747,0.5777993663561831
645.6542290346365,0.5866608091900223
660.6934480075765,0.5955156131069066
676.0829753919618,0.6043573880935427
691.830970918916,0.6131796864299532
707.9457843841169,0.6219760229558875
724.4359600749685,0.630739894477665
741.3102413008954,0.6394648030988586
758.5775750291612,0.6481442753015428
776.2471166286686,0.6567718862993552
794.3282347242578,0.6653412796862708
812.8305161640749,0.6738461905351815
831.763771102646,0.6822804666376155
851.1380382023509,0.6906380896438009
870.9635899560544,0.6989131956168956
891.2509381337187,0.7071000951999366
912.0108393558822,0.715193290719574
933.2543007969629,0.723187497643305
954.9925860214071,0.7310776576499928
977.2372209557811,0.7388589557957971
999.9999999999698,0.7465268348595934
1023.2929922807232,0.7540770047689345
1047.1285480508677,0.7615054583569434
1071.519305237574,0.7688084756595404
1096.4781961431518,0.7759826364133225
1122.0184543019293,0.783024820896997
1148.1536214968478,0.7899322171170775
1174.8975549394938,0.7967023224635847
1202.2644346173763,0.8033329444650126
1230.268770812344,0.8098221999226788
1258.9254117941286,0.816168512484927
1288.2495516930944,0.8223706087348711
1318.2567385563666,0.8284275128770554
1348.962882591612,0.8343385401184157
1380.3842646028422,0.8401032888472232
1412.5375446227106,0.8457216309426469
1445.4397707458827,0.8511937057728948
1479.1083881681616,0.8565199016710082
1513.5612484361611,0.8617008529902295
1548.8166189124331,0.8667374217968868
1584.893192461064,0.8716306868385628
1621.8100973588794,0.8763819343435282
1659.586907437509,0.8809926416514597
1698.2436524616915,0.8854644607899257
1737.8008287493212,0.8897992087534115
1778.2794100388674,0.8939988547105544
1819.7008586099266,0.8980655051042176
1862.0871366628091,0.9020013882983383
1905.4607179631876,0.9058088459891027
1949.8445997579843,0.909490317666651
1995.262314968817,0.9130483297857868
2041.7379446694652,0.9164854804734404
2089.296130853974,0.9198044357652074
2137.962089502165,0.9230079097612252
2187.7616239494837,0.9260986598017273
2238.721138568269,0.9290794739713334
2290.8676527677007,0.9319531670653077
2344.228815319848,0.9347225640382203
2398.8329190194145,0.9373904958860196
2454.7089156849524,0.9399597957700568
2511.8864315095,0.9424332844750661
2570.395782768782,0.9448137689953016
2630.267991895298,0.9471040341768973
2691.5348039268297,0.9493068420307383
2754.2287033380785,0.9514249197459518
2818.382931264364,0.9534609600308023
2884.0315031265136,0.9554176159797512
2951.209226666291,0.9572974964966163
3019.9517204019194,0.9591031686165514
3090.2954325134915,0.9608371419494899
3162.277660168278,0.962501885550561
3235.9365692961787,0.9640998089605956
3311.3112148258047,0.9656332641018143
3388.441561391917,0.9671045558694892
3467.368504525205,0.9685159260215966
3548.1338923356407,0.9698695576250271
3630.780547700897,0.9711675782864253
3715.352290971606,0.9724120541972043
3801.89396320549,0.9736049991139678
3890.451449942681,0.9747483608808097
3981.0717055348446,0.9758440299979231
4073.802778040996,0.9768938432636499
4168.69383470322,0.9778995757552381
4265.79518801579,0.9788629490876396
4365.158322401519,0.97978562637997
4466.835921509488,0.9806692164238574
4570.881896148603,0.9815152737942605
4677.351412871832,0.9823252998612718
4786.300923226229,0.9831007438615039
4897.788193684304,0.9838430040195189
5011.872336272561,0.9845534273274853
5128.613839913483,0.9852333176562833
5248.074602497557,0.9858839231469041
5370.317963702354,0.9865064512817725
5495.408738576068,0.9871020632235953
5623.413251903308,0.9876718752156403
5754.399373371382,0.9882169648498456
5888.436553555698,0.9887383647835754
6025.595860743381,0.9892370678868603
6165.950018614621,0.9897140330529
6309.5734448017265,0.9901701747644632
6456.542290346344,0.9906063759822611
6606.9344800757435,0.9910234835129158
6760.8297539195955,0.9914223103584462
6918.309709189138,0.9918036379017132
7079.457843841146,0.9921682129256427
7244.359600749663,0.9925167539595164
7413.102413008932,0.992849952145799
7585.775750291588,0.9931684664660514
7762.471166286662,0.9934729334527468
7943.282347242553,0.9937639578166296
8128.305161640725,0.9940421236854633
8317.637711026437,0.994307986479616
8511.380382023484,0.9945620835526298
8709.635899560519,0.994804926312673
8912.50938133716,0.9950370054813499
9120.108393558796,0.9952587910590298
9332.543007969602,0.9954707331406524
9549.925860214043,0.9956732627046754
9772.372209557783,0.9958667923755615
9999.999999999669,0.9960517171602417
10232.929922807201,0.9962284151590388
10471.285480508646,0.9963972482515667
10715.193052375707,0.9965585627581484
10964.781961431485,0.9967126900773154
11220.18454301926,0.9968599472999855
11481.536214968444,0.997000637800896
11748.975549394903,0.9971350518079287
12022.644346173727,0.9972634669499165
12302.687708123403,0.99738614878357
12589.254117941251,0.9975033524453538
12882.495516930909,0.9976153174123914
13182.56738556363,0.9977222805170503
13489.628825916085,0.9978244594722978
13803.842646028386,0.9979220689277535
14125.37544622707,0.9980153130016017
14454.397707458791,0.9981043848047714
14791.083881681578,0.9981894699830338
15135.612484361573,0.9982707460135087
15488.166189124293,0.9983483834892835
15848.931924610602,0.9984225417901939
16218.100973588755,0.9984933787383079
16595.86907437505,0.998561041575273
16982.43652461687,0.99862567192538
17378.00828749317,0.9986874051468172
17782.794100388626,0.9987463706042562
18197.00858609922,0.9988026919299913
18620.871366628042,0.9988564872740756
19054.607179631825,0.9989078695438837
19498.44599757979,0.9989569466335172
19952.62314968812,0.9990038216434588
20417.3794466946,0.9990485930908584
20892.96130853968,0.9990913551108346
21379.62089502159,0.9991321990044794
21877.61623949478,0.9991712066466077
22387.211385682633,0.9992084642155238
22908.676527676947,0.9992440500738614
23442.28815319842,0.999278035380332
23988.329190194083,0.9993104955418753
24547.089156849463,0.9993414977085919
25118.86431509494,0.9993711072416356
25703.957827687755,0.9993993877114152
26302.679918952916,0.9994263964885056
26915.348039268232,0.9994521906364303
27542.28703338072,0.9994768267740652
28183.82931264357,0.9995003558036033
28840.31503126507,0.9995228284095505
29512.092266662843,0.999544289030041
30199.517204019125,0.9995647860147118
30902.954325134844,0.9995843625991899
31622.776601682708,0.9996030573302968
32359.365692961714,0.9996209134326445
33113.11214825797,0.9996379650180284
33884.41561391909,0.9996542508267466
34673.68504525197,0.9996698043963937
35481.33892335633,0.9996846586178272
36307.805477008886,0.9996988449073141
37153.522909715975,0.999712393272394
38018.93963205481,0.9997253323748222
38904.51449942672,0.9997376895907191
39810.71705534835,0.9997494925264598
40738.027780409866,0.9997607617815585
41686.9383470321,0.9997715255852386
42657.95188015779,0.9997818052625004
43651.583224015085,0.9997916225740799
44668.359215094766,0.9998009983038282
45708.81896148592,0.9998099523024585
46773.5141287182,0.9998185035293423
47863.00923226217,0.9998266700924427
48977.88193684292,0.9998344692864668
50118.72336272548,0.9998419176293164
51286.138399134696,0.9998490308969097
52480.74602497543,0.9998558241564496
53703.1796370234,0.9998623117982046
54954.08738576054,0.9998685086227731
56234.132519032944,0.9998744245855803
57543.99373371368,0.9998800753935952
58884.36553555683,0.9998854719627913
60255.95860743366,0.9998906257279333
61659.500186146055,0.9998955476098281
63095.73444801711,0.9999002480383974
64565.42290346328,0.9999047369747133
66069.34480075727,0.9999090239320516
67608.29753919579,0.9999131179959997
69183.0970918912,0.999917027843662
70794.57843841129,0.9999207617620065
72443.59600749645,0.9999243276653913
74131.02413008914,0.999927733112299
75857.7575029157,0.9999309853213293
77624.71166286644,0.9999340911864634
79432.82347242534,0.9999370572916567
81283.05161640704,0.9999398899247656
83176.37711026415,0.9999425950908556
85113.80382023462,0.9999451785249112
87096.35899560497,0.9999476470380021
89125.09381337138,0.9999500018587325
91201.08393558773,0.999952251984607
93325.43007969578,0.9999544008523149
95499.2586021402,0.9999564530179765
97723.72209557758,0.9999584128327635
99999.99999999643,0.9999602856140462
102329.29922807176,0.9999620718445236
104712.85480508622,0.999963778799973
107151.93052375682,0.9999654089379316
109647.81961431459,0.9999669657150387
112201.84543019233,0.9999684524324214
114815.36214968417,0.9999698722426899
117489.75549394875,0.9999712281566151
120226.44346173698,0.99997252304951
123026.87708123375,0.99997375966732
125892.5411794122,0.9999749406324434
128824.95516930877,0.9999760684492862
131825.67385563598,0.9999771463910314
134896.2882591605,0.9999781740974084
138038.42646028352,0.9999791563941292
141253.75446227036,0.9999800944829171
144543.97707458754,0.9999809903532186
147910.8388168154,0.9999818459049629
151356.12484361534,0.9999826629525852
154881.66189124252,0.9999834432288771
158489.3192461056,0.9999841898549992
162181.00973588708,0.9999849000122746
165958.69074375002,0.9999855796089729
169824.36524616825,0.9999862286200747
173780.08287493122,0.9999868484220448
177827.9410038858,0.9999874403294068
181970.0858609917,0.9999880055975304
186208.71366627995,0.9999885454252923
190546.07179631776,0.999989060957619
194984.4599757974,0.9999895532879132
199526.23149688065,0.9999900246251437
204173.79446694543,0.9999904724722046
208929.61308539627,0.9999909012757396
213796.20895021534,0.9999913118674816
218776.1623949472,0.9999917018548854
223872.11385682572,0.9999920753284983
229086.76527676886,0.9999924319934206
234422.88153198356,0.9999927735975167
239883.2919019402,0.9999930978890728
245470.89156849397,0.9999934085321652
251188.64315094872,0.9999937051942857
257039.57827687685,0.9999939885046577
263026.79918952845,0.9999942599477598
269153.4803926816,0.9999945174467371
275422.87033380644,0.9999947642003436
281838.2931264349,0.9999949998483787
288403.15031264984,0.9999952248906607
295120.92266662756,0.9999954398045136
301995.1720401904,0.9999956450457788
309029.54325134755,0.9999958410497837
316227.76601682615,0.9999960282322625
323593.6569296162,0.9999962069902403
331131.1214825787,0.9999963777028733
338844.15613918984,0.9999965407322535
346736.8504525186,0.9999966964241777
354813.3892335621,0.9999968451088787
363078.05477008765,0.9999969871017277
371535.22909715853,0.9999971227039021
380189.39632054686,0.999997252203025
389045.1449942659,0.9999973758737741
398107.1705534822,0.9999974939784658
407380.27780409734,0.9999976067676092
416869.3834703196,0.9999977155953526
426579.5188015765,0.9999978173454291
436515.83224014944,0.9999979155807598
446683.5921509462,0.9999980093947993
457088.1896148577,0.9999981000033364
467735.1412871805,0.9999981845460034
478630.0923226202,0.9999982662546804
489778.8193684276,0.9999983442858799
501187.23362725327,0.9999984188051139
512861.38399134536,0.9999984899704455
524807.4602497526,0.9999985579328238
537031.7963702322,0.9999986228364043
549540.8738576035,0.9999986848188541
562341.3251903276,0.9999987440116449
575439.937337135,0.9999988005403311
588843.6553555664,0.9999988545248161
602559.5860743347,0.9999989060796074
616595.0018614585,0.999998955314058
630957.344480169,0.9999990023326004
645654.2290346307,0.999999047234966
660693.4480075706,0.9999990901163978
676082.9753919557,0.999999131067852
691830.9709189098,0.9999991701761926
707945.7843841106,0.9999992075243717
724435.9600749621,0.9999992431916099
741310.2413008889,0.9999992772535615
758577.5750291545,0.999999309782476
776247.1166286618,0.9999993408473511
794328.2347242509,0.9999993716839114
812830.5161640679,0.9999993999887785
831763.7711026389,0.9999994259019694
851138.0382023436,0.9999994517406159
870963.589956047,0.9999994764163331
891250.9381337111,0.9999994999814626
912010.8393558745,0.9999995235047994
933254.3007969549,0.999999543977644
954992.5860213989,0.9999995645020175
977237.2209557727,0.9999995841026432
999999.9999999611,0.9999996028210967
